{"females": 1679209, "total": 3438584, "males": 1759375, "age": 0, "year": 1980}
{"females": 1644767, "total": 3367035, "males": 1722268, "age": 1, "year": 1980}
{"females": 1620583, "total": 3316902, "males": 1696319, "age": 2, "year": 1980}
{"females": 1606067, "total": 3286877, "males": 1680810, "age": 3, "year": 1980}
{"females": 1600625, "total": 3275647, "males": 1675022, "age": 4, "year": 1980}
{"females": 1603665, "total": 3281902, "males": 1678237, "age": 5, "year": 1980}
{"females": 1614592, "total": 3304328, "males": 1689736, "age": 6, "year": 1980}
{"females": 1632816, "total": 3341618, "males": 1708802, "age": 7, "year": 1980}
{"females": 1657741, "total": 3392458, "males": 1734717, "age": 8, "year": 1980}
{"females": 1688777, "total": 3455538, "males": 1766761, "age": 9, "year": 1980}
{"females": 1723586, "total": 3525834, "males": 1802248, "age": 10, "year": 1980}
{"females": 1759832, "total": 3598324, "males": 1838492, "age": 11, "year": 1980}
{"females": 1805639, "total": 3690255, "males": 1884616, "age": 12, "year": 1980}
{"females": 1863897, "total": 3807741, "males": 1943844, "age": 13, "year": 1980}
{"females": 1928784, "total": 3938333, "males": 2009549, "age": 14, "year": 1980}
{"females": 1991394, "total": 4063830, "males": 2072436, "age": 15, "year": 1980}
{"females": 2053272, "total": 4188296, "males": 2135024, "age": 16, "year": 1980}
{"females": 2103124, "total": 4283532, "males": 2180408, "age": 17, "year": 1980}
{"females": 2134335, "total": 4333762, "males": 2199427, "age": 18, "year": 1980}
{"females": 2150987, "total": 4350092, "males": 2199105, "age": 19, "year": 1980}
{"females": 2165330, "total": 4362134, "males": 2196804, "age": 20, "year": 1980}
{"females": 2176767, "total": 4367233, "males": 2190466, "age": 21, "year": 1980}
{"females": 2174260, "total": 4348531, "males": 2174271, "age": 22, "year": 1980}
{"females": 2154133, "total": 4301650, "males": 2147517, "age": 23, "year": 1980}
{"females": 2121412, "total": 4234046, "males": 2112634, "age": 24, "year": 1980}
{"females": 2083456, "total": 4155224, "males": 2071768, "age": 25, "year": 1980}
{"females": 2037180, "total": 4060493, "males": 2023313, "age": 26, "year": 1980}
{"females": 1996832, "total": 3975442, "males": 1978610, "age": 27, "year": 1980}
{"females": 1969729, "total": 3912884, "males": 1943155, "age": 28, "year": 1980}
{"females": 1948755, "total": 3860400, "males": 1911645, "age": 29, "year": 1980}
{"females": 1922266, "total": 3798182, "males": 1875916, "age": 30, "year": 1980}
{"females": 1895953, "total": 3736705, "males": 1840752, "age": 31, "year": 1980}
{"females": 1850646, "total": 3639934, "males": 1789288, "age": 32, "year": 1980}
{"females": 1776720, "total": 3490046, "males": 1713326, "age": 33, "year": 1980}
{"females": 1685259, "total": 3307967, "males": 1622708, "age": 34, "year": 1980}
{"females": 1597063, "total": 3132391, "males": 1535328, "age": 35, "year": 1980}
{"females": 1508084, "total": 2955521, "males": 1447437, "age": 36, "year": 1980}
{"females": 1430515, "total": 2802419, "males": 1371904, "age": 37, "year": 1980}
{"females": 1372566, "total": 2689460, "males": 1316894, "age": 38, "year": 1980}
{"females": 1328917, "total": 2605640, "males": 1276723, "age": 39, "year": 1980}
{"females": 1285829, "total": 2522882, "males": 1237053, "age": 40, "year": 1980}
{"females": 1245802, "total": 2445971, "males": 1200169, "age": 41, "year": 1980}
{"females": 1213122, "total": 2383522, "males": 1170400, "age": 42, "year": 1980}
{"females": 1188472, "total": 2336758, "males": 1148286, "age": 43, "year": 1980}
{"females": 1171054, "total": 2303711, "males": 1132657, "age": 44, "year": 1980}
{"females": 1157740, "total": 2278403, "males": 1120663, "age": 45, "year": 1980}
{"females": 1147181, "total": 2258676, "males": 1111495, "age": 46, "year": 1980}
{"females": 1146671, "total": 2254992, "males": 1108321, "age": 47, "year": 1980}
{"females": 1158890, "total": 2270866, "males": 1111976, "age": 48, "year": 1980}
{"females": 1179309, "total": 2299299, "males": 1119990, "age": 49, "year": 1980}
{"females": 1200080, "total": 2328553, "males": 1128473, "age": 50, "year": 1980}
{"females": 1222002, "total": 2359505, "males": 1137503, "age": 51, "year": 1980}
{"females": 1239861, "total": 2383630, "males": 1143769, "age": 52, "year": 1980}
{"females": 1250006, "total": 2395000, "males": 1144994, "age": 53, "year": 1980}
{"females": 1253801, "total": 2395526, "males": 1141725, "age": 54, "year": 1980}
{"females": 1257705, "total": 2395547, "males": 1137842, "age": 55, "year": 1980}
{"females": 1262174, "total": 2396004, "males": 1133830, "age": 56, "year": 1980}
{"females": 1255069, "total": 2375440, "males": 1120371, "age": 57, "year": 1980}
{"females": 1231553, "total": 2325164, "males": 1093611, "age": 58, "year": 1980}
{"females": 1197274, "total": 2255148, "males": 1057874, "age": 59, "year": 1980}
{"females": 1161888, "total": 2182774, "males": 1020886, "age": 60, "year": 1980}
{"females": 1122462, "total": 2103025, "males": 980563, "age": 61, "year": 1980}
{"females": 1089800, "total": 2033623, "males": 943823, "age": 62, "year": 1980}
{"females": 1069941, "total": 1984662, "males": 914721, "age": 63, "year": 1980}
{"females": 1057466, "total": 1947271, "males": 889805, "age": 64, "year": 1980}
{"females": 1041120, "total": 1903082, "males": 861962, "age": 65, "year": 1980}
{"females": 1023391, "total": 1856462, "males": 833071, "age": 66, "year": 1980}
{"females": 1000573, "total": 1800613, "males": 800040, "age": 67, "year": 1980}
{"females": 969767, "total": 1730532, "males": 760765, "age": 68, "year": 1980}
{"females": 933233, "total": 1650517, "males": 717284, "age": 69, "year": 1980}
{"females": 896540, "total": 1570622, "males": 674082, "age": 70, "year": 1980}
{"females": 859072, "total": 1489742, "males": 630670, "age": 71, "year": 1980}
{"females": 818908, "total": 1405717, "males": 586809, "age": 72, "year": 1980}
{"females": 775813, "total": 1318781, "males": 542968, "age": 73, "year": 1980}
{"females": 730631, "total": 1230033, "males": 499402, "age": 74, "year": 1980}
{"females": 684974, "total": 1141180, "males": 456206, "age": 75, "year": 1980}
{"females": 639156, "total": 1052891, "males": 413735, "age": 76, "year": 1980}
{"females": 592785, "total": 965301, "males": 372516, "age": 77, "year": 1980}
{"females": 546039, "total": 878990, "males": 332951, "age": 78, "year": 1980}
{"females": 499683, "total": 794970, "males": 295287, "age": 79, "year": 1980}
{"females": 453734, "total": 712732, "males": 258998, "age": 80, "year": 1980}
{"females": 407509, "total": 631245, "males": 223736, "age": 81, "year": 1980}
{"females": 366909, "total": 560193, "males": 193284, "age": 82, "year": 1980}
{"females": 334663, "total": 503988, "males": 169325, "age": 83, "year": 1980}
{"females": 308004, "total": 458112, "males": 150108, "age": 84, "year": 1980}
{"females": 282102, "total": 414416, "males": 132314, "age": 85, "year": 1980}
{"females": 258717, "total": 375479, "males": 116762, "age": 86, "year": 1980}
{"females": 232229, "total": 333455, "males": 101226, "age": 87, "year": 1980}
{"females": 199611, "total": 283920, "males": 84309, "age": 88, "year": 1980}
{"females": 163983, "total": 231140, "males": 67157, "age": 89, "year": 1980}
{"females": 131210, "total": 183312, "males": 52102, "age": 90, "year": 1980}
{"females": 99777, "total": 138212, "males": 38435, "age": 91, "year": 1980}
{"females": 73845, "total": 101279, "males": 27434, "age": 92, "year": 1980}
{"females": 55963, "total": 75857, "males": 19894, "age": 93, "year": 1980}
{"females": 43958, "total": 58903, "males": 14945, "age": 94, "year": 1980}
{"females": 32832, "total": 43643, "males": 10811, "age": 95, "year": 1980}
{"females": 23263, "total": 30966, "males": 7703, "age": 96, "year": 1980}
{"females": 15837, "total": 21165, "males": 5328, "age": 97, "year": 1980}
{"females": 10240, "total": 13550, "males": 3310, "age": 98, "year": 1980}
{"females": 6233, "total": 7935, "males": 1702, "age": 99, "year": 1980}
{"females": 11223, "total": 14284, "males": 3061, "age": 100, "year": 1980}
