{"females": 1825783, "total": 3733034, "males": 1907251, "age": 0, "year": 2000}
{"females": 1869613, "total": 3825896, "males": 1956283, "age": 1, "year": 2000}
{"females": 1907024, "total": 3904845, "males": 1997821, "age": 2, "year": 2000}
{"females": 1938440, "total": 3970865, "males": 2032425, "age": 3, "year": 2000}
{"females": 1964286, "total": 4024943, "males": 2060657, "age": 4, "year": 2000}
{"females": 1984986, "total": 4068061, "males": 2083075, "age": 5, "year": 2000}
{"females": 2000963, "total": 4101204, "males": 2100241, "age": 6, "year": 2000}
{"females": 2012644, "total": 4125360, "males": 2112716, "age": 7, "year": 2000}
{"females": 2020451, "total": 4141510, "males": 2121059, "age": 8, "year": 2000}
{"females": 2024809, "total": 4150640, "males": 2125831, "age": 9, "year": 2000}
{"females": 2025634, "total": 4152174, "males": 2126540, "age": 10, "year": 2000}
{"females": 2022840, "total": 4145530, "males": 2122690, "age": 11, "year": 2000}
{"females": 2019400, "total": 4139512, "males": 2120112, "age": 12, "year": 2000}
{"females": 2016758, "total": 4138230, "males": 2121472, "age": 13, "year": 2000}
{"females": 2013811, "total": 4137982, "males": 2124171, "age": 14, "year": 2000}
{"females": 2009414, "total": 4133932, "males": 2124518, "age": 15, "year": 2000}
{"females": 2005490, "total": 4130632, "males": 2125142, "age": 16, "year": 2000}
{"females": 1994989, "total": 4111244, "males": 2116255, "age": 17, "year": 2000}
{"females": 1974839, "total": 4068058, "males": 2093219, "age": 18, "year": 2000}
{"females": 1949439, "total": 4011192, "males": 2061753, "age": 19, "year": 2000}
{"females": 1926098, "total": 3958499, "males": 2032401, "age": 20, "year": 2000}
{"females": 1903169, "total": 3906444, "males": 2003275, "age": 21, "year": 2000}
{"females": 1888390, "total": 3869224, "males": 1980834, "age": 22, "year": 2000}
{"females": 1886299, "total": 3855730, "males": 1969431, "age": 23, "year": 2000}
{"females": 1893610, "total": 3860085, "males": 1966475, "age": 24, "year": 2000}
{"females": 1902334, "total": 3866888, "males": 1964554, "age": 25, "year": 2000}
{"females": 1913868, "total": 3878458, "males": 1964590, "age": 26, "year": 2000}
{"females": 1929667, "total": 3901100, "males": 1971433, "age": 27, "year": 2000}
{"females": 1949593, "total": 3936177, "males": 1986584, "age": 28, "year": 2000}
{"females": 1973460, "total": 3981725, "males": 2008265, "age": 29, "year": 2000}
{"females": 1998817, "total": 4029832, "males": 2031015, "age": 30, "year": 2000}
{"females": 2023259, "total": 4076564, "males": 2053305, "age": 31, "year": 2000}
{"females": 2057856, "total": 4141767, "males": 2083911, "age": 32, "year": 2000}
{"females": 2106928, "total": 4232729, "males": 2125801, "age": 33, "year": 2000}
{"females": 2163579, "total": 4336931, "males": 2173352, "age": 34, "year": 2000}
{"females": 2216667, "total": 4434562, "males": 2217895, "age": 35, "year": 2000}
{"females": 2268517, "total": 4529573, "males": 2261056, "age": 36, "year": 2000}
{"females": 2306504, "total": 4598389, "males": 2291885, "age": 37, "year": 2000}
{"females": 2323233, "total": 4627237, "males": 2304004, "age": 38, "year": 2000}
{"females": 2323770, "total": 4625288, "males": 2301518, "age": 39, "year": 2000}
{"females": 2321983, "total": 4618356, "males": 2296373, "age": 40, "year": 2000}
{"females": 2316783, "total": 4604717, "males": 2287934, "age": 41, "year": 2000}
{"females": 2299146, "total": 4565419, "males": 2266273, "age": 42, "year": 2000}
{"females": 2266508, "total": 4494712, "males": 2228204, "age": 43, "year": 2000}
{"females": 2222920, "total": 4401208, "males": 2178288, "age": 44, "year": 2000}
{"females": 2173882, "total": 4297220, "males": 2123338, "age": 45, "year": 2000}
{"females": 2116955, "total": 4177835, "males": 2060880, "age": 46, "year": 2000}
{"females": 2064823, "total": 4067588, "males": 2002765, "age": 47, "year": 2000}
{"females": 2023933, "total": 3979163, "males": 1955230, "age": 48, "year": 2000}
{"females": 1988127, "total": 3900697, "males": 1912570, "age": 49, "year": 2000}
{"females": 1947494, "total": 3812845, "males": 1865351, "age": 50, "year": 2000}
{"females": 1907242, "total": 3725706, "males": 1818464, "age": 51, "year": 2000}
{"females": 1849756, "total": 3605980, "males": 1756224, "age": 52, "year": 2000}
{"females": 1766313, "total": 3437160, "males": 1670847, "age": 53, "year": 2000}
{"females": 1667208, "total": 3238902, "males": 1571694, "age": 54, "year": 2000}
{"females": 1571273, "total": 3046779, "males": 1475506, "age": 55, "year": 2000}
{"females": 1474507, "total": 2852958, "males": 1378451, "age": 56, "year": 2000}
{"females": 1390206, "total": 2684332, "males": 1294126, "age": 57, "year": 2000}
{"females": 1326824, "total": 2557659, "males": 1230835, "age": 58, "year": 2000}
{"females": 1278403, "total": 2460777, "males": 1182374, "age": 59, "year": 2000}
{"females": 1230073, "total": 2363664, "males": 1133591, "age": 60, "year": 2000}
{"females": 1184258, "total": 2271021, "males": 1086763, "age": 61, "year": 2000}
{"females": 1144978, "total": 2190505, "males": 1045527, "age": 62, "year": 2000}
{"females": 1112573, "total": 2122506, "males": 1009933, "age": 63, "year": 2000}
{"females": 1086051, "total": 2064951, "males": 978900, "age": 64, "year": 2000}
{"females": 1062776, "total": 2013319, "males": 950543, "age": 65, "year": 2000}
{"females": 1041713, "total": 1966051, "males": 924338, "age": 66, "year": 2000}
{"females": 1026887, "total": 1927377, "males": 900490, "age": 67, "year": 2000}
{"females": 1019527, "total": 1898139, "males": 878612, "age": 68, "year": 2000}
{"females": 1016642, "total": 1874354, "males": 857712, "age": 69, "year": 2000}
{"females": 1013658, "total": 1850776, "males": 837118, "age": 70, "year": 2000}
{"females": 1011065, "total": 1827951, "males": 816886, "age": 71, "year": 2000}
{"females": 1003657, "total": 1796623, "males": 792966, "age": 72, "year": 2000}
{"females": 988229, "total": 1751465, "males": 763236, "age": 73, "year": 2000}
{"females": 966327, "total": 1695329, "males": 729002, "age": 74, "year": 2000}
{"females": 943537, "total": 1638049, "males": 694512, "age": 75, "year": 2000}
{"females": 919742, "total": 1579651, "males": 659909, "age": 76, "year": 2000}
{"females": 887695, "total": 1507678, "males": 619983, "age": 77, "year": 2000}
{"females": 844664, "total": 1417550, "males": 572886, "age": 78, "year": 2000}
{"females": 793862, "total": 1315090, "males": 521228, "age": 79, "year": 2000}
{"females": 741956, "total": 1211905, "males": 469949, "age": 80, "year": 2000}
{"females": 688474, "total": 1107111, "males": 418637, "age": 81, "year": 2000}
{"females": 633644, "total": 1002598, "males": 368954, "age": 82, "year": 2000}
{"females": 578528, "total": 900941, "males": 322413, "age": 83, "year": 2000}
{"females": 523618, "total": 802427, "males": 278809, "age": 84, "year": 2000}
{"females": 468378, "total": 704563, "males": 236185, "age": 85, "year": 2000}
{"females": 412964, "total": 607624, "males": 194660, "age": 86, "year": 2000}
{"females": 361604, "total": 520211, "males": 158607, "age": 87, "year": 2000}
{"females": 316368, "total": 446298, "males": 129930, "age": 88, "year": 2000}
{"females": 275947, "total": 382926, "males": 106979, "age": 89, "year": 2000}
{"females": 237045, "total": 322989, "males": 85944, "age": 90, "year": 2000}
{"females": 200434, "total": 267705, "males": 67271, "age": 91, "year": 2000}
{"females": 166576, "total": 218185, "males": 51609, "age": 92, "year": 2000}
{"females": 135410, "total": 174202, "males": 38792, "age": 93, "year": 2000}
{"females": 107135, "total": 135627, "males": 28492, "age": 94, "year": 2000}
{"females": 81581, "total": 101921, "males": 20340, "age": 95, "year": 2000}
{"females": 58276, "total": 72436, "males": 14160, "age": 96, "year": 2000}
{"females": 39848, "total": 49306, "males": 9458, "age": 97, "year": 2000}
{"females": 27427, "total": 33296, "males": 5869, "age": 98, "year": 2000}
{"females": 19556, "total": 22844, "males": 3288, "age": 99, "year": 2000}
{"females": 38325, "total": 45172, "males": 6847, "age": 100, "year": 2000}
