{"females": 1883971, "total": 3857376, "males": 1973405, "age": 0, "year": 1990}
{"females": 1882447, "total": 3854707, "males": 1972260, "age": 1, "year": 1990}
{"females": 1875596, "total": 3841092, "males": 1965496, "age": 2, "year": 1990}
{"females": 1864339, "total": 3818425, "males": 1954086, "age": 3, "year": 1990}
{"females": 1849592, "total": 3788597, "males": 1939005, "age": 4, "year": 1990}
{"females": 1832276, "total": 3753504, "males": 1921228, "age": 5, "year": 1990}
{"females": 1813310, "total": 3715039, "males": 1901729, "age": 6, "year": 1990}
{"females": 1793612, "total": 3675094, "males": 1881482, "age": 7, "year": 1990}
{"females": 1774102, "total": 3635565, "males": 1861463, "age": 8, "year": 1990}
{"females": 1755697, "total": 3598344, "males": 1842647, "age": 9, "year": 1990}
{"females": 1738343, "total": 3562942, "males": 1824599, "age": 10, "year": 1990}
{"females": 1721985, "total": 3528875, "males": 1806890, "age": 11, "year": 1990}
{"females": 1712413, "total": 3509938, "males": 1797525, "age": 12, "year": 1990}
{"females": 1712495, "total": 3512792, "males": 1800297, "age": 13, "year": 1990}
{"females": 1720228, "total": 3532184, "males": 1811956, "age": 14, "year": 1990}
{"females": 1730302, "total": 3555490, "males": 1825188, "age": 15, "year": 1990}
{"females": 1743262, "total": 3584377, "males": 1841115, "age": 16, "year": 1990}
{"females": 1761915, "total": 3621880, "males": 1859965, "age": 17, "year": 1990}
{"females": 1786967, "total": 3667972, "males": 1881005, "age": 18, "year": 1990}
{"females": 1817223, "total": 3721475, "males": 1904252, "age": 19, "year": 1990}
{"females": 1849407, "total": 3778813, "males": 1929406, "age": 20, "year": 1990}
{"females": 1882513, "total": 3837782, "males": 1955269, "age": 21, "year": 1990}
{"females": 1921237, "total": 3906476, "males": 1985239, "age": 22, "year": 1990}
{"females": 1967051, "total": 3987620, "males": 2020569, "age": 23, "year": 1990}
{"females": 2016664, "total": 4075338, "males": 2058674, "age": 24, "year": 1990}
{"females": 2063904, "total": 4158137, "males": 2094233, "age": 25, "year": 1990}
{"females": 2108300, "total": 4234818, "males": 2126518, "age": 26, "year": 1990}
{"females": 2149594, "total": 4307058, "males": 2157464, "age": 27, "year": 1990}
{"females": 2186472, "total": 4373381, "males": 2186909, "age": 28, "year": 1990}
{"females": 2217443, "total": 4429917, "males": 2212474, "age": 29, "year": 1990}
{"females": 2244499, "total": 4478429, "males": 2233930, "age": 30, "year": 1990}
{"females": 2269845, "total": 4523549, "males": 2253704, "age": 31, "year": 1990}
{"females": 2274150, "total": 4527507, "males": 2253357, "age": 32, "year": 1990}
{"females": 2248816, "total": 4473253, "males": 2224437, "age": 33, "year": 1990}
{"females": 2203192, "total": 4379081, "males": 2175889, "age": 34, "year": 1990}
{"females": 2153774, "total": 4277762, "males": 2123988, "age": 35, "year": 1990}
{"females": 2095532, "total": 4159665, "males": 2064133, "age": 36, "year": 1990}
{"females": 2045109, "total": 4055475, "males": 2010366, "age": 37, "year": 1990}
{"females": 2011902, "total": 3982786, "males": 1970884, "age": 38, "year": 1990}
{"females": 1987239, "total": 3925592, "males": 1938353, "age": 39, "year": 1990}
{"females": 1956097, "total": 3856128, "males": 1900031, "age": 40, "year": 1990}
{"females": 1925133, "total": 3786941, "males": 1861808, "age": 41, "year": 1990}
{"females": 1874076, "total": 3680225, "males": 1806149, "age": 42, "year": 1990}
{"females": 1792505, "total": 3516635, "males": 1724130, "age": 43, "year": 1990}
{"females": 1692440, "total": 3318781, "males": 1626341, "age": 44, "year": 1990}
{"females": 1596078, "total": 3127991, "males": 1531913, "age": 45, "year": 1990}
{"females": 1498688, "total": 2935241, "males": 1436553, "age": 46, "year": 1990}
{"females": 1415255, "total": 2770262, "males": 1355007, "age": 47, "year": 1990}
{"females": 1355389, "total": 2651796, "males": 1296407, "age": 48, "year": 1990}
{"females": 1312282, "total": 2566298, "males": 1254016, "age": 49, "year": 1990}
{"females": 1269347, "total": 2480900, "males": 1211553, "age": 50, "year": 1990}
{"females": 1229713, "total": 2401488, "males": 1171775, "age": 51, "year": 1990}
{"females": 1195998, "total": 2333601, "males": 1137603, "age": 52, "year": 1990}
{"females": 1167789, "total": 2276493, "males": 1108704, "age": 53, "year": 1990}
{"females": 1145099, "total": 2229706, "males": 1084607, "age": 54, "year": 1990}
{"females": 1126747, "total": 2190768, "males": 1064021, "age": 55, "year": 1990}
{"females": 1111040, "total": 2156864, "males": 1045824, "age": 56, "year": 1990}
{"females": 1104989, "total": 2138288, "males": 1033299, "age": 57, "year": 1990}
{"females": 1111344, "total": 2138845, "males": 1027501, "age": 58, "year": 1990}
{"females": 1125591, "total": 2151401, "males": 1025810, "age": 59, "year": 1990}
{"females": 1139751, "total": 2163849, "males": 1024098, "age": 60, "year": 1990}
{"females": 1154553, "total": 2177204, "males": 1022651, "age": 61, "year": 1990}
{"females": 1165417, "total": 2182966, "males": 1017549, "age": 62, "year": 1990}
{"females": 1168964, "total": 2175203, "males": 1006239, "age": 63, "year": 1990}
{"females": 1166243, "total": 2155914, "males": 989671, "age": 64, "year": 1990}
{"females": 1163096, "total": 2135538, "males": 972442, "age": 65, "year": 1990}
{"females": 1160066, "total": 2115006, "males": 954940, "age": 66, "year": 1990}
{"females": 1144804, "total": 2073107, "males": 928303, "age": 67, "year": 1990}
{"females": 1112293, "total": 2001287, "males": 888994, "age": 68, "year": 1990}
{"females": 1068253, "total": 1909442, "males": 841189, "age": 69, "year": 1990}
{"females": 1022868, "total": 1815292, "males": 792424, "age": 70, "year": 1990}
{"females": 973446, "total": 1714423, "males": 740977, "age": 71, "year": 1990}
{"females": 929125, "total": 1621876, "males": 692751, "age": 72, "year": 1990}
{"females": 895277, "total": 1546657, "males": 651380, "age": 73, "year": 1990}
{"females": 867407, "total": 1481550, "males": 614143, "age": 74, "year": 1990}
{"females": 835966, "total": 1411196, "males": 575230, "age": 75, "year": 1990}
{"females": 803251, "total": 1339707, "males": 536456, "age": 76, "year": 1990}
{"females": 766336, "total": 1261633, "males": 495297, "age": 77, "year": 1990}
{"females": 722937, "total": 1173065, "males": 450128, "age": 78, "year": 1990}
{"females": 675110, "total": 1078049, "males": 402939, "age": 79, "year": 1990}
{"females": 627879, "total": 985379, "males": 357500, "age": 80, "year": 1990}
{"females": 581057, "total": 894294, "males": 313237, "age": 81, "year": 1990}
{"females": 532293, "total": 804221, "males": 271928, "age": 82, "year": 1990}
{"females": 481192, "total": 716094, "males": 234902, "age": 83, "year": 1990}
{"females": 429150, "total": 630676, "males": 201526, "age": 84, "year": 1990}
{"females": 378143, "total": 547795, "males": 169652, "age": 85, "year": 1990}
{"females": 327990, "total": 467466, "males": 139476, "age": 86, "year": 1990}
{"females": 281515, "total": 394792, "males": 113277, "age": 87, "year": 1990}
{"females": 240398, "total": 332297, "males": 91899, "age": 88, "year": 1990}
{"females": 203818, "total": 278276, "males": 74458, "age": 89, "year": 1990}
{"females": 168909, "total": 227861, "males": 58952, "age": 90, "year": 1990}
{"females": 135811, "total": 181277, "males": 45466, "age": 91, "year": 1990}
{"females": 107898, "total": 142403, "males": 34505, "age": 92, "year": 1990}
{"females": 86425, "total": 112441, "males": 26016, "age": 93, "year": 1990}
{"females": 69954, "total": 89549, "males": 19595, "age": 94, "year": 1990}
{"females": 55612, "total": 70395, "males": 14783, "age": 95, "year": 1990}
{"females": 43757, "total": 55307, "males": 11550, "age": 96, "year": 1990}
{"females": 33672, "total": 42563, "males": 8891, "age": 97, "year": 1990}
{"females": 24638, "total": 30861, "males": 6223, "age": 98, "year": 1990}
{"females": 16834, "total": 20597, "males": 3763, "age": 99, "year": 1990}
{"females": 26310, "total": 32380, "males": 6070, "age": 100, "year": 1990}
