{"females": 1994141, "total": 4079669, "males": 2085528, "age": 0, "year": 2010}
{"females": 1997991, "total": 4085341, "males": 2087350, "age": 1, "year": 2010}
{"females": 2000746, "total": 4089295, "males": 2088549, "age": 2, "year": 2010}
{"females": 2002756, "total": 4092221, "males": 2089465, "age": 3, "year": 2010}
{"females": 2004366, "total": 4094802, "males": 2090436, "age": 4, "year": 2010}
{"females": 2005925, "total": 4097728, "males": 2091803, "age": 5, "year": 2010}
{"females": 2007781, "total": 4101686, "males": 2093905, "age": 6, "year": 2010}
{"females": 2010281, "total": 4107361, "males": 2097080, "age": 7, "year": 2010}
{"females": 2013771, "total": 4115441, "males": 2101670, "age": 8, "year": 2010}
{"females": 2018603, "total": 4126617, "males": 2108014, "age": 9, "year": 2010}
{"females": 2023289, "total": 4137506, "males": 2114217, "age": 10, "year": 2010}
{"females": 2026352, "total": 4144742, "males": 2118390, "age": 11, "year": 2010}
{"females": 2037286, "total": 4169316, "males": 2132030, "age": 12, "year": 2010}
{"females": 2060100, "total": 4220043, "males": 2159943, "age": 13, "year": 2010}
{"females": 2089651, "total": 4285424, "males": 2195773, "age": 14, "year": 2010}
{"females": 2117689, "total": 4347028, "males": 2229339, "age": 15, "year": 2010}
{"females": 2146942, "total": 4410804, "males": 2263862, "age": 16, "year": 2010}
{"females": 2165852, "total": 4451147, "males": 2285295, "age": 17, "year": 2010}
{"females": 2168175, "total": 4454165, "males": 2285990, "age": 18, "year": 2010}
{"females": 2159571, "total": 4432260, "males": 2272689, "age": 19, "year": 2010}
{"females": 2151448, "total": 4411138, "males": 2259690, "age": 20, "year": 2010}
{"females": 2140926, "total": 4384965, "males": 2244039, "age": 21, "year": 2010}
{"females": 2133510, "total": 4362678, "males": 2229168, "age": 22, "year": 2010}
{"females": 2132897, "total": 4351092, "males": 2218195, "age": 23, "year": 2010}
{"females": 2135789, "total": 4344694, "males": 2208905, "age": 24, "year": 2010}
{"females": 2136497, "total": 4333645, "males": 2197148, "age": 25, "year": 2010}
{"females": 2137711, "total": 4322880, "males": 2185169, "age": 26, "year": 2010}
{"females": 2131362, "total": 4299016, "males": 2167654, "age": 27, "year": 2010}
{"females": 2113361, "total": 4255367, "males": 2142006, "age": 28, "year": 2010}
{"females": 2088593, "total": 4200514, "males": 2111921, "age": 29, "year": 2010}
{"females": 2065883, "total": 4149525, "males": 2083642, "age": 30, "year": 2010}
{"females": 2043293, "total": 4099156, "males": 2055863, "age": 31, "year": 2010}
{"females": 2027525, "total": 4062157, "males": 2034632, "age": 32, "year": 2010}
{"females": 2022761, "total": 4046340, "males": 2023579, "age": 33, "year": 2010}
{"females": 2025969, "total": 4046173, "males": 2020204, "age": 34, "year": 2010}
{"females": 2029981, "total": 4048061, "males": 2018080, "age": 35, "year": 2010}
{"females": 2036269, "total": 4054406, "males": 2018137, "age": 36, "year": 2010}
{"females": 2045241, "total": 4068028, "males": 2022787, "age": 37, "year": 2010}
{"females": 2056401, "total": 4088870, "males": 2032469, "age": 38, "year": 2010}
{"females": 2070132, "total": 4116530, "males": 2046398, "age": 39, "year": 2010}
{"females": 2085229, "total": 4146703, "males": 2061474, "age": 40, "year": 2010}
{"females": 2099423, "total": 4175492, "males": 2076069, "age": 41, "year": 2010}
{"females": 2123189, "total": 4221203, "males": 2098014, "age": 42, "year": 2010}
{"females": 2160806, "total": 4290975, "males": 2130169, "age": 43, "year": 2010}
{"females": 2205936, "total": 4373443, "males": 2167507, "age": 44, "year": 2010}
{"females": 2247630, "total": 4449309, "males": 2201679, "age": 45, "year": 2010}
{"females": 2287688, "total": 4521475, "males": 2233787, "age": 46, "year": 2010}
{"females": 2317309, "total": 4573855, "males": 2256546, "age": 47, "year": 2010}
{"females": 2330869, "total": 4596159, "males": 2265290, "age": 48, "year": 2010}
{"females": 2331572, "total": 4593914, "males": 2262342, "age": 49, "year": 2010}
{"females": 2329647, "total": 4585941, "males": 2256294, "age": 50, "year": 2010}
{"females": 2324721, "total": 4572070, "males": 2247349, "age": 51, "year": 2010}
{"females": 2306106, "total": 4529367, "males": 2223261, "age": 52, "year": 2010}
{"females": 2270038, "total": 4449444, "males": 2179406, "age": 53, "year": 2010}
{"females": 2221350, "total": 4342886, "males": 2121536, "age": 54, "year": 2010}
{"females": 2167706, "total": 4226910, "males": 2059204, "age": 55, "year": 2010}
{"females": 2106460, "total": 4095965, "males": 1989505, "age": 56, "year": 2010}
{"females": 2048896, "total": 3973009, "males": 1924113, "age": 57, "year": 2010}
{"females": 2001049, "total": 3870535, "males": 1869486, "age": 58, "year": 2010}
{"females": 1957350, "total": 3777293, "males": 1819943, "age": 59, "year": 2010}
{"females": 1908602, "total": 3674124, "males": 1765522, "age": 60, "year": 2010}
{"females": 1859542, "total": 3570385, "males": 1710843, "age": 61, "year": 2010}
{"females": 1794846, "total": 3437284, "males": 1642438, "age": 62, "year": 2010}
{"females": 1706899, "total": 3260353, "males": 1553454, "age": 63, "year": 2010}
{"females": 1604801, "total": 3056907, "males": 1452106, "age": 64, "year": 2010}
{"females": 1505088, "total": 2858213, "males": 1353125, "age": 65, "year": 2010}
{"females": 1404227, "total": 2657391, "males": 1253164, "age": 66, "year": 2010}
{"females": 1314295, "total": 2478301, "males": 1164006, "age": 67, "year": 2010}
{"females": 1242906, "total": 2335789, "males": 1092883, "age": 68, "year": 2010}
{"females": 1184673, "total": 2219088, "males": 1034415, "age": 69, "year": 2010}
{"females": 1126180, "total": 2101692, "males": 975512, "age": 70, "year": 2010}
{"females": 1069608, "total": 1987825, "males": 918217, "age": 71, "year": 2010}
{"females": 1018530, "total": 1883968, "males": 865438, "age": 72, "year": 2010}
{"females": 973223, "total": 1790354, "males": 817131, "age": 73, "year": 2010}
{"females": 932810, "total": 1705334, "males": 772524, "age": 74, "year": 2010}
{"females": 894650, "total": 1624974, "males": 730324, "age": 75, "year": 2010}
{"females": 857499, "total": 1547601, "males": 690102, "age": 76, "year": 2010}
{"females": 826480, "total": 1478469, "males": 651989, "age": 77, "year": 2010}
{"females": 803299, "total": 1418990, "males": 615691, "age": 78, "year": 2010}
{"females": 784354, "total": 1364804, "males": 580450, "age": 79, "year": 2010}
{"females": 765337, "total": 1311883, "males": 546546, "age": 80, "year": 2010}
{"females": 748315, "total": 1263135, "males": 514820, "age": 81, "year": 2010}
{"females": 720459, "total": 1198648, "males": 478189, "age": 82, "year": 2010}
{"females": 675331, "total": 1108771, "males": 433440, "age": 83, "year": 2010}
{"females": 618894, "total": 1002855, "males": 383961, "age": 84, "year": 2010}
{"females": 564268, "total": 900935, "males": 336667, "age": 85, "year": 2010}
{"females": 509684, "total": 800232, "males": 290548, "age": 86, "year": 2010}
{"females": 455116, "total": 702325, "males": 247209, "age": 87, "year": 2010}
{"females": 402148, "total": 610415, "males": 208267, "age": 88, "year": 2010}
{"females": 350911, "total": 524075, "males": 173164, "age": 89, "year": 2010}
{"females": 300043, "total": 439454, "males": 139411, "age": 90, "year": 2010}
{"females": 249925, "total": 357058, "males": 107133, "age": 91, "year": 2010}
{"females": 204661, "total": 284857, "males": 80196, "age": 92, "year": 2010}
{"females": 166201, "total": 226364, "males": 60163, "age": 93, "year": 2010}
{"females": 133397, "total": 178870, "males": 45473, "age": 94, "year": 2010}
{"females": 102645, "total": 135309, "males": 32664, "age": 95, "year": 2010}
{"females": 74056, "total": 96077, "males": 22021, "age": 96, "year": 2010}
{"females": 51337, "total": 65331, "males": 13994, "age": 97, "year": 2010}
{"females": 35778, "total": 44099, "males": 8321, "age": 98, "year": 2010}
{"females": 25673, "total": 30285, "males": 4612, "age": 99, "year": 2010}
{"females": 51007, "total": 60513, "males": 9506, "age": 100, "year": 2010}
